{
  "generatedAt": "2026-06-20",
  "before": {
    "root": "/mnt/data/mkpro_prompt11_original",
    "path": "/api/health",
    "startupMs": 1064.972833,
    "rssBeforeBytes": 132771840,
    "rssIdleBytes": 231890944,
    "api": {
      "count": 400,
      "p50Ms": 0.9094230000000607,
      "p95Ms": 1.53889799999979,
      "p99Ms": 2.723876999999902,
      "errorRate": 0
    },
    "readiness": {
      "count": 80,
      "p50Ms": 1.0807730000001357,
      "p95Ms": 1.8465340000000197,
      "p99Ms": 4.7579789999999775
    }
  },
  "after": {
    "root": "/mnt/data/mkpro_prompt11_work",
    "path": "/api/health",
    "startupMs": 1027.045611,
    "rssBeforeBytes": 128458752,
    "rssIdleBytes": 229167104,
    "api": {
      "count": 400,
      "p50Ms": 0.954738000000134,
      "p95Ms": 1.6184400000001915,
      "p99Ms": 3.711077999999816,
      "errorRate": 0
    },
    "readiness": {
      "count": 80,
      "p50Ms": 1.0963560000000143,
      "p95Ms": 1.4013589999999567,
      "p99Ms": 16.179491999999982
    }
  },
  "workerBefore": {
    "root": "/mnt/data/mkpro_prompt11_original",
    "loadMs": 303.194575,
    "before": {
      "rss": 122732544,
      "heapTotal": 6356992,
      "heapUsed": 3476416,
      "external": 1178224,
      "arrayBuffers": 10475
    },
    "after": {
      "rss": 155484160,
      "heapTotal": 34086912,
      "heapUsed": 15436896,
      "external": 20508582,
      "arrayBuffers": 18264303
    },
    "state": null
  },
  "workerAfter": {
    "root": "/mnt/data/mkpro_prompt11_work",
    "loadMs": 288.253583,
    "before": {
      "rss": 130183168,
      "heapTotal": 6356992,
      "heapUsed": 3476408,
      "external": 1178224,
      "arrayBuffers": 10475
    },
    "after": {
      "rss": 162197504,
      "heapTotal": 34086912,
      "heapUsed": 15455312,
      "external": 20508582,
      "arrayBuffers": 18264303
    },
    "state": {
      "workerId": "cc7b083f8b76:39658",
      "concurrency": 2,
      "stopped": false,
      "activeJobs": [],
      "completedJobs": 0,
      "failedJobs": 0
    }
  },
  "shutdownBefore": {
    "root": "/mnt/data/mkpro_prompt11_original",
    "durationMs": 5012,
    "exit": {
      "code": 1,
      "signal": null,
      "timedOut": false
    },
    "gracefulStart": true,
    "gracefulComplete": false
  },
  "shutdownAfter": {
    "root": "/mnt/data/mkpro_prompt11_work",
    "durationMs": 12,
    "exit": {
      "code": 0,
      "signal": null,
      "timedOut": false
    },
    "gracefulStart": true,
    "gracefulComplete": true
  },
  "notes": [
    "Local synthetic benchmark; not production telemetry.",
    "No business query performance claim is made."
  ]
}
