scale,rows,before_p95_ms,after_web_dispatch_p95_ms,improvement_percent,before_heap_p95_bytes,after_parent_heap_p95_bytes,worker_completion_p95_ms,worker_heap_p95_bytes
1x,2000,44.894788,0.374933,99.16486296805768,10447152,14544,46.010029,8821888
5x,10000,116.913403,0.115714,99.90102589007695,33626624,6784,182.285959,20020088
10x,20000,215.179151,0.150486,99.93006478587697,51186272,6096,339.605701,31428096
