name,p50_ns,p95_ns,p99_ns,mean_ns
baseline_noop_middleware,7.8758,13.6364,18.588,16.778995000000005
build_policy_main,1171.2044,1470.3192,1561.4134,1209.926435
build_policy_swagger,1279.31,1514.9404,1649.2032,1304.7703466666665
csp_headers_report_only,1723.5302,1912.0796,2076.6272,1746.624670000001
