{
  "root": "/mnt/data/mkpro_prompt11_work",
  "path": "/api/health",
  "startupMs": 1027.045611,
  "rssBeforeBytes": 128458752,
  "rssIdleBytes": 229167104,
  "api": {
    "count": 400,
    "p50Ms": 0.954738000000134,
    "p95Ms": 1.6184400000001915,
    "p99Ms": 3.711077999999816,
    "errorRate": 0
  },
  "readiness": {
    "count": 80,
    "p50Ms": 1.0963560000000143,
    "p95Ms": 1.4013589999999567,
    "p99Ms": 16.179491999999982
  }
}
